<?xml version="1.0" encoding="UTF-8" standalone="yes"?>
<repository fileName="partyrepository.xml">
    <items>
        <agentRepItems/>
        <partyRepItems>
		<partyRepItem
          description="Agent for group 11"
          classPath="negotiator.group11.Group11"
          partyName="Group 11"
          protocolClassPath="negotiator.protocol.AlternatingOfferCounterOfferProtocol"/>
        </partyRepItems>
        <domainRepItem/>
        <protocolRepItem/>
        <multiPartyProtocolRepItem/>
    </items>
    <filename>partyrepository.xml</filename>
</repository>
