<negotiation_template> 
<utility_space number_of_issues="5"> 
<objective name="car_purchase_domain" index="0" description="" etype="objective" type="objective"> 
<issue vtype="discrete" name="Horse Power" index="1" etype="discrete" type="discrete"> 
<item index="1" value="Below 200"> 
</item> 
<item index="2" value="200 Or more"> 
</item> 
</issue> 
<issue vtype="discrete" name="Seats" index="2" etype="discrete" type="discrete"> 
<item index="1" value="2"> 
</item> 
<item index="2" value="5"> 
</item> 
<item index="3" value="7"> 
</item> 
</issue> 
<issue vtype="discrete" name="Mileage" index="3" etype="discrete" type="discrete"> 
<item index="1" value="Below 10.000km"> 
</item> 
<item index="2" value="Between 10.000 and 20.000km"> 
</item> 
<item index="3" value="Above 20.000km"> 
</item> 
</issue> 
<issue vtype="discrete" name="Km per Liter Consumption" index="4" etype="discrete" type="discrete"> 
<item index="1" value="5"> 
</item> 
<item index="2" value="10"> 
</item> 
<item index="3" value="15"> 
</item> 
<item index="4" value="20"> 
</item> 
</issue> 
<issue vtype="discrete" name="Wheels" index="5" etype="discrete" type="discrete"> 
<item index="1" value="3"> 
</item> 
<item index="2" value="4"> 
</item> 
<item index="3" value="6"> 
</item> 
</issue> 
</objective> 
</utility_space> 
</negotiation_template> 
